{"coef": [0.10640600192463283, -0.7946203183381602], "intercept": 65.66093706183102}